ID,Name,Issue,Priority,Date
1001,Emily Carter,Login failed,High,2023-10-01
1002,John Miller,Payment error,Medium,2023-10-02
1003,Sophia Lee,Account locked,High,2023-10-03
1004,Daniel White,Forgot password,Low,2023-10-04
1005,Mia Davis,Bug report,Medium,2023-10-05
1006,James Brown,Unable to access files,High,2023-10-05
1007,Emily Carter,Slow performance,Medium,2023-10-06
1008,Sophia Lee,Login failed,High,2023-10-06
1009,Olivia Wilson,Error 404 on dashboard,Low,2023-10-07
1010,John Miller,Account locked,High,2023-10-08
